	Bal_1316B	Bal_2007B	Bal_BB_12	Bal_1395B	Bal_ATCC_27673	Bal_strain_19_D_1	Bal_IM841	Bal_BF052	Bal_CF3_2	Ba_Probio_M8	Bal_Bl_04	Bal_19_D_1	Bal_DS23_2	Bal_DS28_2	Bal_H1	Bal_i797	Bal_DSM_15954	Bal_BL_G101	Bal_IDCC4301	Bal_S7	Bal_BAMA_B06	Bal_BLa80	Bal_UBBLa_70	Bal_MH_02	Bal_Bi_07	Bal_1843B	Bal_1821B	Bal_Bl12	Bal_2010B	Bal_B420	Bal_BM_25	Bal_V9	Bal_HN019	Bal_1808B	Bal_LMG_P_17502_2	Bal_H3	Bal_AD011	Bal_PT33	Bal_LMG_P_17502_1	Bal_BS_01	Bal_1813B	Bal_strain_HN019	Bal_1802B	Bal_BP026	Bal_SF	Bal_ATCC_27674	Bal_1528B	Bal_ATCC_27536	Bal_DSM_10140	Bal_MB_2409	Bal_CNCM_I_2494	Bal_1811B	Bal_BLC1	Bal_strain_BS_01	Bal_DS24_2	Bal_1869B	Bal_KLDS2.0603	Bal_646	Bal_MN_Gup
Bal_1316B	1	0.98989113317757	0.998911408898305	0.999966428192899	0.994217385583524	0.993911109852775	0.999998437832094	0.999907833686441	0.999867374301676	0.999991681697613	0.99987671436142	0.993911109852775	0.999685198711063	0.999883287307488	0.999966297669491	0.99996124536301	0.999997923728814	0.99980053561864	0.999992733050848	0.999961049284579	0.999993252118644	0.999990068965517	0.999936734693878	0.999940302066772	0.999927636459989	0.999993771186441	0.999993252118644	0.999906731991526	0.989939859731152	0.999943121356651	0.99982946362188	0.999987535771065	0.999991124134257	0.999991696712619	0.999899261031366	0.999963702330508	0.99962039978678	0.999942010610079	0.999926367021277	0.999945447800742	0.999971355932203	0.99999376127321	0.999992640509014	0.999954729299363	0.99996285108638	0.999643727272727	0.994429028571429	0.999568332442544	0.99993223223754	0.999763143617021	0.999490095389507	0.999994284199364	0.999894512711864	0.999959502118644	0.999950063728094	0.99996051961824	0.999809549788136	0.999897513255567	0.999961317333333
Bal_2007B	0.988690655072464	1	0.987601002317497	0.988651385507246	0.987973226929774	0.987342063400576	0.988667142857143	0.988571065431384	0.989032649727768	0.988565527842227	0.988565460335843	0.987342063400576	0.988520519480519	0.988671382916909	0.988588274464389	0.98853516801854	0.988580202663578	0.988952230005838	0.988568360370799	0.988553673232908	0.98857580775912	0.988559460556845	0.988917749706228	0.988597608569774	0.988591864504922	0.988690017391304	0.988689536231884	0.988563294730747	0.999954138817481	0.988581609727852	0.988675594405594	0.988574667052693	0.988667244186046	0.988680614849188	0.98862012195122	0.988586554719166	0.988296079346558	0.988571028471819	0.988625478816018	0.988673853743471	0.988675652173913	0.988569269141531	0.988685571014493	0.988597498549042	0.988579878401853	0.9887004606414	0.987779704004643	0.98859465034965	0.988564001158078	0.988597152818129	0.988118118123914	0.988685261020882	0.988507151129125	0.9886852	0.988720806732444	0.988702817391304	0.988532149478563	0.988875174621653	0.988662822299652
Bal_BB_12	0.998978780359028	0.988460343023256	1	0.998918474934037	0.993021952326901	0.992414244806289	0.999026029567054	0.998865076195481	0.999232550964187	0.998949542346134	0.998830115606936	0.992414244806289	0.998812040598291	0.998825833333333	0.999107601626016	0.998917839116719	0.998951702574882	0.99883042598509	0.998949175420168	0.99891668943773	0.99895431197479	0.998949542346134	0.999050869797225	0.998858797268908	0.998828218602207	0.998975670538543	0.998946211081794	0.998813956910142	0.988472331395349	0.998880667367315	0.998923553675304	0.998945596426695	0.998996640169582	0.998966224920802	0.998747311544544	0.998881722689076	0.998843044854881	0.998948905341089	0.998833261099366	0.998910031595577	0.998949941952507	0.998949578947368	0.998997908082409	0.998943005263158	0.998880903361345	0.998854221158958	0.993620812038614	0.99869817118554	0.998863399894903	0.998802968832541	0.999179217025749	0.99896418469657	0.999012106092437	0.998894172359432	0.998896191737288	0.998948094986808	0.998740225959012	0.998879604847208	0.99896870301747
Bal_1395B	0.999966956521739	0.989823061583578	0.998952937433722	1	0.994149664009112	0.993752788461539	0.999966383430695	0.999875802861685	0.999854470914127	0.99996067940552	0.999857216330859	0.993752788461539	0.999758783494105	0.999914115772703	0.999946857445681	0.99999065747614	0.999967493375728	0.999760758547008	0.999961760339342	0.999929697773065	0.999961261261261	0.999959639065817	0.999922803437164	0.999921876988335	0.99990816542948	0.999962820784729	0.99996230116649	0.999888638049814	0.98985515258216	0.999912126193001	0.999825055880788	0.999957603393425	0.999958471778488	0.999961086956522	0.999900180851064	0.999943222045575	0.999700507207688	0.999872908704883	0.99992163211058	0.999898775185578	0.999942025450689	0.999961719745223	0.99996106518283	0.999956468401487	0.999935816542948	0.999627301333333	0.994389092465754	0.999546522666667	0.999901267232238	0.999694367693942	0.999507014846235	0.999962820784729	0.999880768415474	0.999928532061473	0.999930673740053	0.999963780487805	0.999801637519873	0.999906631243358	0.999929227902023
Bal_ATCC_27673	0.993728269560251	0.988223154831199	0.992940291095891	0.99368526826484	1	0.996156442105263	0.993797738981111	0.993698144977169	0.993747434210526	0.99376166380789	0.993661375570776	0.996156442105263	0.993628440207972	0.993693699256718	0.993761221461187	0.993727087378641	0.993768082191781	0.993699408385985	0.993759074814392	0.993745431182182	0.993763247716895	0.993760571755289	0.993643924855491	0.993741175799087	0.993717374429224	0.993728172472873	0.993717905251141	0.99368796803653	0.988207603257708	0.993793826384923	0.993623800801374	0.993763595890411	0.993765922107675	0.993767527127356	0.993676329331046	0.993759514840183	0.993517326448652	0.993641268571428	0.993707209834191	0.993726581050228	0.99376803652968	0.9937637621498	0.993766641918904	0.993727191075515	0.993765325342466	0.993778996006845	0.994644555617663	0.993821780821918	0.993703818493151	0.993698040114613	0.993408630136986	0.993714911479155	0.993680599315069	0.993677288812785	0.993753224699828	0.993791736150771	0.993676729452055	0.993918074285714	0.993748137535816
Bal_strain_19_D_1	0.993428013505909	0.987926741637832	0.992357325842696	0.993396265466817	0.996090110352076	1	0.993439087323944	0.993439241998877	0.993312072812684	0.993423121484814	0.993378455923639	0.999999490909091	0.993268515981735	0.993328451576577	0.99343037619315	0.993395786516854	0.993437394722066	0.993276649688738	0.993434379562044	0.993413020774846	0.993430421348314	0.993422570303712	0.993298397947549	0.993413969679955	0.993433756316676	0.993425301069218	0.993429673790776	0.993408893879843	0.98789973456434	0.993435710275127	0.993278103837472	0.993429837170129	0.993425747320925	0.993438417792793	0.99324705518018	0.993427602470522	0.993144071146245	0.993338647125141	0.993302646396396	0.993387186268993	0.993398233970754	0.99342614735658	0.993440258863253	0.993386741699494	0.993420291970803	0.99314919592299	0.993630621186911	0.992974290559638	0.993420207748456	0.993228503670243	0.99294326221224	0.993430264490715	0.993352038180797	0.993398439079169	0.993427267080745	0.993423303320203	0.993345743964065	0.993380326392797	0.993395056369786
Bal_IM841	0.999972048574445	0.99034521357519	0.99901036939314	0.999950596306068	0.994309647727273	0.99388226042841	1	0.999875757255937	0.999856221731936	0.999988086680761	0.999882807387863	0.99388226042841	0.99976633493847	0.999899804439746	0.999974659630607	0.999969984160507	0.999995345646438	0.999795348961108	0.999991208443272	0.999960158394932	0.999991720316623	0.999987568710359	0.999912952482648	0.999947757255937	0.999905488126649	0.999967909186906	0.999966121372032	0.99988744591029	0.99037656323185	0.999910965699208	0.99982671957672	0.999985203166227	0.99998700265252	0.999990126715945	0.999943630100689	0.999970005277045	0.999733786510887	0.999893542766631	0.999931531531531	0.999973864836325	0.999954221635884	0.999988086680761	0.99999050686378	0.999985483870968	0.999969677930306	0.999632388297872	0.994423282226008	0.999587744680851	0.999899883905013	0.999767530407192	0.99954545646438	0.999965535620053	0.999908870712401	0.999967155672823	0.999956975145425	0.999993296354992	0.999816538258575	0.999903453199365	0.999974527600849
Bal_BF052	0.9999547120972	0.989573106457243	0.998946963157895	0.99992232312566	0.993891519274377	0.99353701181767	0.999955893234672	1	0.99974162726773	0.999943598524763	0.999813763157895	0.99353701181767	0.999670949570815	0.99977206969377	0.999860278800631	0.999918063157895	0.999950405049974	0.999709164449175	0.999949331578948	0.999917396107312	0.999949879011047	0.999945147523709	0.999888444326052	0.999844950026302	0.9998664	0.999950570522979	0.999950052826202	0.999878748027354	0.989572598837209	0.999943147368421	0.999795408970976	0.999946752631579	0.999965140434552	0.999936613840465	0.999739017432647	0.999855639137296	0.999703523809524	0.999859820010588	0.999765594923321	0.999887282780411	0.999935034337031	0.999946180189673	0.999946578669482	0.999945063224447	0.999854823776959	0.999629835630965	0.994411860465116	0.999487537154989	0.9999287	0.999685324881141	0.999511110526316	0.999949725448785	0.999888064176749	0.9999156864808	0.999842034883721	0.999915813953488	0.999735239347712	0.999848207696363	0.999957436440678
Bal_CF3_2	0.997638771764706	0.987366002076843	0.997228280734809	0.997613162352941	0.991886237373738	0.991408090452261	0.997663910588235	0.997585004703669	1	0.997649646559849	0.99770442144873	0.991408090452261	0.997573274798292	0.997739623352166	0.997716481655691	0.99763641882353	0.997659139228598	0.997546803588291	0.997656589840075	0.997629120413923	0.997662572906867	0.997648722902922	0.997806965386439	0.997741966133584	0.997673109125117	0.997634847058824	0.997634385882353	0.997581025399812	0.987309600415153	0.997609825964252	0.997557821176471	0.997655324553151	0.997653347477605	0.997661077647059	0.997728067860509	0.997711015992474	0.997432930056711	0.997675778823529	0.997730974117647	0.997621209411765	0.997639374117647	0.997652172478793	0.997661002352941	0.997650325318246	0.997706136470588	0.997519055712937	0.992495083544304	0.997469551675319	0.997598344308561	0.997573526365348	0.99761225047081	0.997634042352941	0.997606331138288	0.992511129032258	0.997747961393597	0.997662771764706	0.997529016933208	0.997587757889779	0.997638609146629
Ba_Probio_M8	0.999970924947146	0.989322701449276	0.998934533965245	0.999946677231907	0.993854685552408	0.993402076318743	0.999977209302326	0.999821736842105	0.999817780837004	1	0.999807240652975	0.993402076318743	0.999739423076923	0.999849698731501	0.99994622631579	0.9999739	0.999988136842105	0.999772278548559	0.999986073684211	0.999957166929963	0.999985063157895	0.999992263157895	0.999915315508022	0.999920900473934	0.999830479199579	0.999968853065539	0.999955800316957	0.999807978947368	0.989244622969838	0.999857319641917	0.999825808161102	0.999980389678778	0.999991132874537	0.999985977801269	0.999817201058201	0.999943647368421	0.999739909862142	0.99988462962963	0.999874380952381	0.99992748682824	0.999965224511358	0.999993294736842	0.999986506342495	0.999950447604002	0.99994277368421	0.999560809802877	0.994371985252411	0.999409228723404	0.999846087414429	0.999677757800106	0.999498162190627	0.999956291600634	0.999889615789474	0.999938588730911	0.999931261930011	0.999953903856313	0.999767031578947	0.999889224274406	0.999949490986214
Bal_Bl_04	0.999883581616482	0.989670536443149	0.998927447368421	0.999872905441099	0.994061128757799	0.9937425928009	0.999909524564184	0.999838216728038	0.999893470847085	0.999875237091676	1	0.9937425928009	0.999784145299145	0.999895029054411	0.999922288269332	0.999867806417675	0.999882556549185	0.999657112413426	0.999878942661757	0.99985102631579	0.999876643871646	0.999874209694415	0.999985440469834	0.999953357894737	0.999942984771574	0.999883576333862	0.999883058637084	0.999853072067333	0.989515790087463	0.99988309310889	0.999772331743508	0.999876954234613	0.999876569613552	0.99987454593453	0.999762851851852	0.999918679642293	0.999652768660667	0.999792845055526	0.99978941300899	0.99982082631579	0.999862857897517	0.999877302423604	0.999881595351294	0.999871512915129	0.99991733824303	0.999645178096757	0.994596264923252	0.999498745348219	0.999870273540242	0.999649915522703	0.999436591267754	0.999882382461701	0.999803571804314	0.999845655608215	0.999965200845666	0.999881431590069	0.999780494476591	0.999847543489721	0.999847868504772
Bal_19_D_1	0.993428013505909	0.987926741637832	0.992357325842696	0.993396265466817	0.996090110352076	0.999999490909091	0.993439087323944	0.993439241998877	0.993312072812684	0.993423121484814	0.993378455923639	1	0.993268515981735	0.993328451576577	0.99343037619315	0.993395786516854	0.993437394722066	0.993276649688738	0.993434379562044	0.993413020774846	0.993430421348314	0.993422570303712	0.993298397947549	0.993413969679955	0.993433756316676	0.993425301069218	0.993429673790776	0.993408893879843	0.98789973456434	0.993435710275127	0.993278103837472	0.993429837170129	0.993425747320925	0.993438417792793	0.99324705518018	0.993427602470522	0.993144071146245	0.993338647125141	0.993302646396396	0.993387186268993	0.993398233970754	0.99342614735658	0.993440258863253	0.993386741699494	0.993420291970803	0.99314919592299	0.993630621186911	0.992974290559638	0.993420207748456	0.993228503670243	0.99294326221224	0.993430264490715	0.993352038180797	0.993398439079169	0.993427267080745	0.993423303320203	0.993345743964065	0.993380326392797	0.993395056369786
Bal_DS23_2	0.999258819301848	0.9899856002265	0.998256269881991	0.999226801848049	0.993752715231788	0.993268001098298	0.99928365364851	0.99919261159569	0.999245885805763	0.999276392600206	0.999228732683427	0.993268001098298	1	0.999239568345324	0.999295500256542	0.999249964065708	0.999283750641355	0.999066226804124	0.999279194045174	0.999251468172484	0.999279763981529	0.999274552929085	0.999272589517384	0.999311714579055	0.99924980502822	0.999257813141684	0.999255169404517	0.999167167778348	0.989909003397509	0.999224704976911	0.999125403598972	0.999292991277578	0.999290834191555	0.999282879876797	0.999282258230453	0.999291477680862	0.998993441358025	0.999221813045711	0.999260987146529	0.999247219086711	0.999255071868583	0.99927618705036	0.999282376796715	0.999267990750257	0.999288593429158	0.998998278350516	0.994144427860697	0.998949392378991	0.999212746406571	0.999144766066838	0.9988300564392	0.999255133470226	0.999207065161621	0.999245900461775	0.999313192802057	0.999282371663244	0.999073622370446	0.999182613168724	0.999237703398558
Bal_DS28_2	0.999878675847457	0.989817964809384	0.998869804129169	0.99984719809322	0.993874669327252	0.993465882352941	0.999905957559682	0.999757867724868	0.999841298342541	0.999868585055644	0.999772800423504	0.993465882352941	0.999714062165059	1	0.999886936507936	0.999837458973002	0.999873132275132	0.999718742004264	0.999870015873016	0.999842361037586	0.99986717989418	0.999867027027027	0.999856568364611	0.99987498941799	0.999824473266279	0.999878670550848	0.999878151483051	0.999752100529101	0.989849741632414	0.999797379565908	0.999765908850027	0.999865653785071	0.999918374070138	0.999906304347826	0.999906786850477	0.999883497354497	0.999631931878659	0.999821140583554	0.999928818229995	0.999857212506624	0.9998853125	0.999870657127716	0.999905691573927	0.999830063626723	0.999882085759661	0.999595460841769	0.994538310502283	0.999446544195953	0.999786109052409	0.999701442970822	0.999458549497088	0.99987808691044	0.999805275132275	0.99983682010582	0.999904224229543	0.999905572033898	0.999646925925926	0.999779840848806	0.99987275862069
Bal_H1	0.999929293993678	0.989654453441296	0.998877985309549	0.999886282253818	0.994239221218962	0.993824781634938	0.999916592827004	0.999830991085474	0.999856075949367	0.999923277310924	0.999868563188254	0.993824781634938	0.999773130666667	0.999888636124276	1	0.999896864184583	0.999926502359727	0.999705201912859	0.999928023072889	0.999901809124279	0.999926019926586	0.999923282563025	0.999930095948827	0.999940388044048	0.999918793917147	0.999930316122234	0.999916878947368	0.99983208180388	0.989598358381503	0.999870597797588	0.999814358161648	0.999924263240692	0.999919973544973	0.999931492616034	0.999858459915612	0.99999229155742	0.999644944591029	0.999824989451477	0.999886744063324	0.999868540682415	0.999892105263158	0.999922762605042	0.999929905063291	0.999881539674199	0.999962695332984	0.999653340414232	0.99477246179966	0.999503202545069	0.999856706869428	0.999760126649076	0.99944048767698	0.999917528977872	0.999836544310435	0.999880529905561	0.999951437632135	0.99989069583553	0.999776156266387	0.999854944823962	0.999910063458487
Bal_i797	0.999934973572939	0.989427817759722	0.998918140756303	0.999961219640972	0.994333772727273	0.993954271243669	0.999957986221516	0.999888512874409	0.999796431742508	0.999954324039979	0.999809410836402	0.993954271243669	0.999622616621984	0.999814918119387	0.999885330882353	1	0.999960593175853	0.999738853944563	0.999959543067227	0.999927690288714	0.999957527559055	0.999954839558127	0.999916664885088	0.999857601049869	0.999861557075224	0.999932922832981	0.999929852086635	0.999858649500788	0.989354620289855	0.999923982114676	0.999802047619048	0.999953857067788	0.99995156779661	0.999958779069768	0.999832835269271	0.999880698529412	0.999667225158562	0.999871699311805	0.9998864659271	0.999899668595476	0.999948932910724	0.999950226077813	0.999958800845219	0.999912607781283	0.999879947506562	0.999572535885168	0.99485303185438	0.99942570212766	0.999909489473684	0.999732046536224	0.999469989490278	0.999930169043846	0.999869469537815	0.999897213459516	0.999866095238095	0.999926187961985	0.999766983709932	0.999895208004213	0.999940423953365
Bal_DSM_15954	0.999995677385345	0.989771524141943	0.998958524934383	0.999947351237494	0.99422661199095	0.993828783632287	0.999978612869198	0.999888562434418	0.99988204070407	0.999985286389911	0.99986926547744	0.993828783632287	0.999804159528908	0.999891302742616	0.999975320041973	0.999959023622047	1	0.999746888297872	0.999989711286089	0.999957816272966	0.999990755905512	0.999986720966894	0.999932981895634	0.999949060367454	0.999920288562434	0.999991544544017	0.999973988408851	0.999896322140608	0.989796156086197	0.99992221930745	0.999835285412262	0.999981804826862	0.999984357482813	0.999990352631579	0.999861858500528	0.999971720881427	0.999730902851109	0.999880895679663	0.999900786694826	0.999919658792651	0.99996468914647	0.999985176037835	0.999989763033176	0.999981550998948	0.999970393494229	0.999674014869888	0.99466153759186	0.999512428419936	0.999912990556139	0.999718177988415	0.999512513116474	0.999973675618747	0.999895110178384	0.999937805774278	0.99996217299578	0.999959499209278	0.999774150052466	0.999870609884332	0.999950914376321
Bal_BL_G101	0.999745333333333	0.989408263403263	0.998711349920593	0.999712031746032	0.994084030699261	0.993611465761177	0.999772652196929	0.999684685018528	0.999610888520971	0.999757613997879	0.999605063559322	0.993611465761177	0.999474193893948	0.999732261146497	0.999730259396506	0.99972655902594	0.999764867724868	1	0.999758126984127	0.99972717989418	0.999762798941799	0.999755874867444	0.999865275843599	0.999701634920635	0.999652971398305	0.999739111111111	0.999738798941799	0.999621063492064	0.989341904484566	0.999670169491525	0.999762984599044	0.999752547669492	0.999774901752522	0.999766871360508	0.999701258629846	0.999727665431445	0.99943884389984	0.999653069989396	0.999719007430998	0.999754011658717	0.99974037037037	0.99975981981982	0.999766534391534	0.999758150503445	0.999726326098465	0.999425654255319	0.994397698005698	0.999286615302869	0.999659841017488	0.999533866171004	0.999263794382618	0.999739835978836	0.999673890947591	0.999737761904762	0.999722863202545	0.999770888888889	0.999527989417989	0.999812749469214	0.999765447800742
Bal_IDCC4301	0.999963660337553	0.989235214368482	0.998909753410283	0.999928180379747	0.993927900113508	0.993596539540101	0.999985068710359	0.999914763655462	0.99984105466593	0.9999835207567	0.999848960629921	0.993596539540101	0.999680694815607	0.999839557195572	0.999926825813222	0.999957468487395	0.999987154855643	0.999756741214057	1	0.999957324239244	0.999986652675761	0.999984035733053	0.999927013888889	0.999900078698846	0.999900309711286	0.999961592827004	0.999956963626779	0.999884401260504	0.989182262731481	0.999950320209974	0.99982380876915	0.999982859391396	0.999979534637758	0.999987354804646	0.999850147679325	0.999922198321091	0.999605973614776	0.999901077085533	0.99991088219757	0.999928922753547	0.99995016341592	0.999981451104101	0.999986319957761	0.999942287066246	0.999920860440714	0.999627287685775	0.994688921679909	0.999540180467091	0.999936386554622	0.999758837209302	0.999471196222456	0.999957952506596	0.99989870933893	0.999922484243698	0.999905156167284	0.999954773206751	0.999774758403361	0.999881878947368	0.999968931216931
Bal_S7	0.999931075949367	0.989960226480836	0.998930912906611	0.9998955907173	0.994370563460444	0.994016413715571	0.999952484143763	0.999881297268908	0.999793098669623	0.999954182869154	0.99980919117647	0.994016413715571	0.999589401709402	0.999800754219409	0.999888735571878	0.999925556722689	0.999953727034121	0.999738381256656	0.999957329485834	1	0.999954296956978	0.999954692590646	0.999901900694074	0.999859433368311	0.999860246848739	0.999936228902953	0.999931613073274	0.999853996848739	0.989890382830627	0.999922977941177	0.999792984680401	0.999951648293963	0.999950349206349	0.999963426610348	0.999842870712401	0.999884113326338	0.999585129424194	0.99986909667195	0.999871964097149	0.99990507360673	0.999950643120717	0.999952092534175	0.999962925026399	0.999912949526814	0.999894396642182	0.999597525225703	0.994706973310619	0.99953912858661	0.999907477666842	0.999743040719196	0.999483921259842	0.999931540897098	0.999876080797482	0.999891570378151	0.99986655026455	0.999929773206751	0.999746743697479	0.999855160610848	0.999940746031746
Bal_BAMA_B06	0.999965005263158	0.98975027183343	0.998901888772298	0.999942785676672	0.994227870528109	0.993741209904333	0.999991736147757	0.999941865475565	0.999798185328185	0.999983512092534	0.999825331230284	0.993741209904333	0.999629556860652	0.999830395152792	0.999897585301837	0.999966029411765	0.999988183727034	0.999725531914894	0.999987145855194	0.999955781741868	1	0.999985057833859	0.999922408098029	0.999872948583421	0.999876882229232	0.999959847368421	0.999959331578948	0.999890373095113	0.989745344129555	0.999954731861199	0.999828416050686	0.999980961134454	0.999982256871036	0.999972265542677	0.999878998946259	0.999893984251968	0.999653937632135	0.999874567053854	0.999873463363205	0.999962347368421	0.999969968421053	0.999981966351209	0.999983277133825	0.999946314405888	0.999894703412073	0.999669703232644	0.994433236961451	0.999662117834395	0.999940778537612	0.999652160591654	0.999464459033613	0.999959673512375	0.999908435695538	0.999958818277311	0.999880221870047	0.999953510806536	0.999761108775617	0.999900226912929	0.999974257006875
Bal_BLa80	0.999952052910053	0.990068330424666	0.998882467053242	0.999909122621564	0.994317194775696	0.993924123943662	0.999977265500795	0.999895995785037	0.999849872576177	0.999991222339304	0.999865100105374	0.993924123943662	0.999774774919614	0.999882203389831	0.999960221285564	0.999953695308382	0.999986591148578	0.999710421783236	0.999986059009484	0.999956628029505	0.999986074815595	1	0.999934737406216	0.99993487612019	0.999916185458377	0.999949978835979	0.99993794397463	0.999867017913593	0.99002815116279	0.999930684931507	0.999822511923688	0.999978788198103	0.999988844114528	0.999984353813559	0.999871350635593	0.999956606954689	0.999701006355932	0.999848793012175	0.999912857900318	0.999926875658588	0.999955417547569	0.999991222339305	0.999985079449152	0.99995143384291	0.999955790305585	0.999625792845702	0.994827268070575	0.999476350559403	0.999920300474433	0.999713227344992	0.999462281348788	0.999938947646748	0.99990758166491	0.999905200210748	0.999941869357408	0.999953943885654	0.999844251844046	0.999878631078224	0.999942486716259
Bal_UBBLa_70	0.999521618191433	0.989423517763541	0.998551983077737	0.999490190375462	0.993280732122588	0.992944273648649	0.999522911593436	0.999438563127311	0.999600270867883	0.999519216931217	0.999619920718816	0.992944273648649	0.999548934118907	0.999574318181818	0.999626798732171	0.999491437632135	0.999525678816693	0.999485005336179	0.999523090332805	0.999496687797147	0.999521030110935	0.999518650793651	1	0.999669677760169	0.999588921775898	0.999523167636171	0.999522649391856	0.999421267828843	0.989403768200349	0.999474735729387	0.999301148148148	0.999520248414376	0.999536282527881	0.999522534391534	0.999600614081525	0.999622139461173	0.999246204146731	0.999347325211864	0.999626850185283	0.999478597883598	0.999506578529878	0.999522333333333	0.999522808038075	0.999514804232804	0.999622145877378	0.999355130527437	0.993724914675768	0.999200021299255	0.999461643763214	0.999373259141494	0.999075462718139	0.999522369116869	0.999442403592182	0.999515261489699	0.999664088983051	0.999490661025912	0.999395250924459	0.999525590259396	0.999494370015949
Bal_MH_02	0.999840805263158	0.989626720647773	0.998781646565286	0.9998181	0.994350790221717	0.993823138357705	0.999860711275026	0.999818592436975	0.999915563535911	0.999859190751445	0.999926988964793	0.993823138357705	0.999729099627065	0.99990322971549	0.999939753410283	0.999839790026247	0.9998614795383	0.999720031914893	0.999862055584688	0.99983173571054	0.99986156266387	0.999859705727798	0.999975031982942	1	0.999921697320021	0.999838742105263	0.999835733824303	0.99980650210084	0.98961147398844	0.999829905412507	0.999795567881669	0.9998567664042	0.999862585933369	0.999856938883035	0.999920463645943	0.999936154249738	0.999526399155227	0.999794324894515	0.999924236037935	0.999835935856992	0.999847943187796	0.999854040987914	0.999860842992624	0.999816705202312	0.999935834207765	0.999743115711253	0.994521461756374	0.999732359192349	0.999815893796004	0.999710031695721	0.999351480314961	0.9998361	0.999784858342078	0.999833679790026	0.999980833773087	0.999828514225501	0.999712074579832	0.999859403379092	0.99985618066561
Bal_Bi_07	0.99994262935586	0.990035066977286	0.998937194736842	0.999911758183738	0.994383573454339	0.994072838673412	0.999943081395349	0.999899316149395	0.999864018691589	0.999937854507117	0.999932961599158	0.994072838673412	0.999781754010695	0.999944016913319	0.99997143608627	0.999908795370857	0.999942624934245	0.999680884861407	0.999940047343503	0.999911647368421	0.999937984210526	0.999936821296784	0.99995343482906	0.999946136842105	1	0.999943653643084	0.999943136219641	0.999911146764861	0.989943304195804	0.999940778537612	0.999816059322034	0.999937680168332	0.999936043432204	0.999937477572559	0.999875867724868	0.999966796422935	0.999668041291689	0.999850422609614	0.999903918561608	0.999882264349658	0.999918289334741	0.999939404322615	0.999943204857445	0.999899055907173	0.999966486059968	0.999695026595745	0.994923096590909	0.999546721572795	0.999926854287217	0.999701151611199	0.999485365597054	0.999942502639916	0.999869952656497	0.999906768421053	0.999959566367001	0.999944197465681	0.999827643345608	0.999875785864979	0.999905318133616
Bal_1843B	0.999993776483051	0.989836512580456	0.998899459745763	0.999962278749338	0.994175514874142	0.993873186191285	0.999994277364506	0.999904661016949	0.999869223029625	0.999989602122016	0.999887498675145	0.993873186191285	0.99970304674906	0.999928613913967	0.999977161016949	0.999959167991521	0.999993771186441	0.999781591639871	0.999990656779661	0.999966242713302	0.999988082627119	0.99998798938992	0.99993775926921	0.999948060413354	0.99993945945946	1	0.99999844279661	0.999918559322034	0.989869607728337	0.999944091149974	0.999828066914498	0.999987535771065	0.99998696485623	0.999996839872747	0.999907687400319	0.99997248940678	0.999617741076185	0.999935777188329	0.999934561403509	0.999945447800742	0.999976403601695	0.999991681697613	0.999997788971368	0.999950583864119	0.999972681505034	0.999652609625668	0.994385608223872	0.999575638695885	0.999934745493107	0.999772004253057	0.999489077901431	0.999998441145281	0.999894507415254	0.999958463983051	0.999956723313861	0.999997948038176	0.999805233050848	0.999893632025451	0.999958198294243
Bal_1821B	0.999993257415254	0.989836892919836	0.998913034957627	0.999961759406465	0.994178135011442	0.993877238256933	0.99999375664187	0.999904141949153	0.999868748603352	0.999989082228117	0.999886979332273	0.993877238256933	0.999702520150457	0.999928093467871	0.999976641949153	0.999958648648649	0.999993252118644	0.999769190782422	0.999990137711864	0.999965336512984	0.999987563559322	0.999988042440318	0.999936840408383	0.999947541070482	0.999938940116587	0.99999844279661	1	0.999919602754237	0.98987	0.999943571807101	0.999827454835282	0.999987016428193	0.999986443024494	0.999996707317073	0.999907166400851	0.999971970338983	0.999624437932872	0.99993525729443	0.999935252525252	0.999932877583466	0.999976112288135	0.999991161803714	0.999997269353128	0.999950063694267	0.999971775304716	0.999652085561497	0.994385619645916	0.999575114911812	0.999934225874867	0.999771669324827	0.999491499735029	0.999997921527041	0.99990968220339	0.999957944915254	0.999956202867764	0.999997841993637	0.999804713983051	0.99989368504772	0.999957675906184
Bal_Bl12	0.999929868004224	0.989569031505251	0.998930052631579	0.99989855408971	0.993801953567384	0.993469634626194	0.999928293713682	0.999881173066807	0.999783146314632	0.999917118018967	0.999839436842105	0.993469634626194	0.99967994111349	0.99982242344245	0.999884907943188	0.99989057368421	0.999922935297212	0.999667923322684	0.999921842105263	0.999894045239348	0.999920373487638	0.99991763435195	0.999922425373134	0.999855523408732	0.999890010526316	0.999928827877508	0.999928321013728	1	0.989578648806057	0.999919784210526	0.999812790697674	0.999917715789474	0.999921725780836	0.99991626187962	0.999684635306554	0.999881299316149	0.999692378177966	0.999836433862434	0.999709111581174	0.999864897314376	0.999912275607181	0.999919694415174	0.999926142480211	0.99991497365648	0.999880331404524	0.999661109930961	0.994221588201928	0.999548513800425	0.999905336842105	0.999620132065505	0.999476457894737	0.999926970976253	0.999861062598632	0.99988935297212	0.999867793030623	0.999891098204857	0.999741525512888	0.999863143459915	0.999913312135665
Bal_2010B	0.988886885150812	0.999634586967676	0.987746943155452	0.988852308584687	0.988110197559558	0.987576069364162	0.988887627906977	0.988737855072464	0.98920161426844	0.988732665505227	0.988696034782609	0.987576069364162	0.988557978786093	0.988718866937827	0.988748608695652	0.988702587006961	0.988747571014493	0.988869795441262	0.988735893271462	0.988721119489559	0.988743594202899	0.988729854819977	0.988930957134469	0.98872827826087	0.988752260869565	0.988886815545244	0.988885678654292	0.988722133333333	1	0.988749008695652	0.988818962099126	0.988742052173913	0.988727203488372	0.98888374347069	0.98872493612079	0.988746886956521	0.9884752042007	0.988763587209302	0.988727394080093	0.988735919907139	0.988876032482599	0.988734053426249	0.988886914153132	0.988761220220802	0.988740150724638	0.988713241982507	0.987912275902212	0.988606317016317	0.988726641531322	0.988607681580476	0.988295924637681	0.988881514799768	0.988665971014493	0.988741744927536	0.98887412311266	0.988898258850842	0.988641194202899	0.988919307737056	0.988700849825378
Bal_B420	0.999987226624406	0.989443838559814	0.999022264349657	0.999956349709456	0.993814448217318	0.993489129702414	0.999986707188161	0.999941715789474	0.99980599009901	0.999978650500791	0.999917332982641	0.993489129702414	0.999746048128342	0.999869015873016	0.9999333	0.999951194736842	0.999986078947368	0.999772695791156	0.999982463157895	0.999957166929963	0.999980321052631	0.999978133895625	0.999949598715891	0.999904926315789	0.999941588637559	0.999987221341785	0.999986703645008	0.999916436842105	0.989364909831297	1	0.999823241525424	0.99997834823777	0.999979126059322	0.999975727848101	0.999776033844527	0.999929689473684	0.999767333333334	0.999891712473573	0.999802971972501	0.999925186940495	0.999970649762282	0.99998122825514	0.999983595564942	0.999939504480759	0.999929389473684	0.999651823498139	0.994298696145125	0.999508352816153	0.9999690689111	0.999656952380952	0.999545081536034	0.999985652403592	0.999915942105263	0.999948468421053	0.999913120042306	0.999950089757128	0.999842452631579	0.999881549815498	0.999955270413574
Bal_BM_25	0.999795750528541	0.989814525334887	0.998927736647277	0.999763816067653	0.994055582191781	0.993691882419446	0.99983417064123	0.999699302694136	0.999752136137244	0.999816206349206	0.999708563127311	0.993691882419446	0.999605382148584	0.99975235574378	0.999802519809826	0.999784482029598	0.999820121500264	0.999598462765957	0.999817015319598	0.999787346723044	0.99981441098785	0.999813430386448	0.999800117647059	0.999804004226096	0.999730802958267	0.999792637420719	0.999792119450317	0.999716650818806	0.989762626674432	0.999733592181722	1	0.999809640781828	0.999819936204147	0.999818736118456	0.999656041335453	0.999799931325938	0.99956439893617	0.999712527763088	0.999678474576271	0.999778322751323	0.999792843551797	0.999817761904762	0.999820296139609	0.99978063525675	0.999799017432647	0.999458677333334	0.99468992022792	0.99930655484558	0.999724450317125	0.999543727465535	0.999441025912216	0.999792119450317	0.999741341785526	0.999757622820919	0.999815278219396	0.999818265468006	0.999666582144744	0.999737417989418	0.999784644750796
Bal_V9	0.999987855637513	0.990089332946636	0.99891080839895	0.999943068421053	0.994293687782806	0.993877387892377	0.999976453825857	0.999888011542498	0.999857176664832	0.999979527062533	0.999860828961175	0.993877387892377	0.999798390374332	0.999881081794195	0.999959323189926	0.999951810073452	0.999981463798531	0.999708078765301	0.999982476390346	0.999953168940189	0.999980440944882	0.999979873883342	0.999935964818763	0.999930997375328	0.999912796432319	0.999987850368809	0.999973315789473	0.99987166841553	0.990050446635731	0.999924616998951	0.999822164730729	1	0.999980756213644	0.999986294148656	0.9998712823219	0.999954695697796	0.999700934530095	0.99988205479452	0.999916111991548	0.99991701312336	0.999958868421052	0.999979358906989	0.999986770448549	0.999938643533123	0.999953368310598	0.99964444208289	0.994895322763307	0.999493564986737	0.999913289611752	0.99971233526621	0.999487665267576	0.999973301737757	0.99988889821616	0.999937397691501	0.999945393971444	0.999954741561181	0.999817455403987	0.999864321766562	0.999944232804233
Bal_HN019	0.999965623342175	0.989220413271246	0.998965504246284	0.999930111405836	0.993738028490029	0.993459320498301	0.999991133581692	0.999917564986738	0.99985823759063	0.999993757961784	0.999831199575372	0.993459320498301	0.999691945043104	0.9998887141339	0.999945313163482	0.999952855626327	0.999989777188329	0.999807418492784	0.999985442970822	0.999956106100795	0.999987533156499	0.999992717622081	0.999919113856069	0.999926615384615	0.999883115711253	0.999960944297082	0.999960424403183	0.999852196286472	0.989152817229336	0.999912845010616	0.99983322169059	0.999982314225053	1	0.999983103448276	0.99991976101965	0.999942712314225	0.999706476545842	0.999939612114772	0.999923927813163	0.999942281167109	0.999960625994695	0.999995840848806	0.999985092838196	0.99995733014862	0.999941920424403	0.999611669333333	0.994578736420812	0.999464224	0.999903414763675	0.999787668972858	0.999577218683652	0.99996144373673	0.999912940552017	0.999952159151194	0.999929660116835	0.999988306794055	0.999784302387268	0.999888267800213	0.999948690792975
Bal_1808B	0.999971882290562	0.989617929028505	0.998840741525424	0.999939883412825	0.993999237336369	0.993592148106275	0.999993212958046	0.999901080508475	0.999797990005553	0.999988557029178	0.999827223105458	0.993592148106275	0.999766621983914	0.999885360934183	0.999939184322034	0.999958129305776	0.999993776483051	0.999811459112774	0.999989613142554	0.999966682564918	0.999988098516949	0.999986427813164	0.999932404723564	0.99990902490726	0.999878145204028	0.999976033934252	0.999975514316013	0.999858824152542	0.989551466821886	0.999921796502385	0.99982338658147	0.999986497085321	0.999986459330144	1	0.999819262208068	0.999935550847458	0.999699824	0.99986701381509	0.999867724137931	0.999945887652358	0.999975556733828	0.999990641909814	0.999994353813559	0.999948705570292	0.999926974032856	0.999587350746269	0.994363964632059	0.999510746268657	0.999911935312832	0.999712792553192	0.999418828207847	0.999974994697773	0.999890360169491	0.999954533898305	0.999920843501326	0.999990800211977	0.999741191737288	0.999891189591078	0.999955356382979
Bal_LMG_P_17502_2	0.999842308917198	0.990176042154567	0.9988024933687	0.999819071125266	0.994527876359474	0.994058292544109	0.999874803191489	0.999711385350318	0.999836112347052	0.999813689526847	0.999745817409766	0.994058292544109	0.999636908602151	0.99990655685441	0.99986152866242	0.999796277217207	0.999822393842888	0.999722176470588	0.999818328912467	0.999788795116773	0.99982048806366	0.999814550770867	0.99987448146158	0.999847416445623	0.999798789808917	0.999840748407643	0.999840228237792	0.999715138004246	0.990166159250586	0.999744092356688	0.999750888297872	0.999808397027601	0.999901608093717	0.999821125862984	1	0.999858407643312	0.999482253069941	0.999806441489362	0.999935398089172	0.999830616693248	0.999849129511677	0.999817155768208	0.999819909718534	0.999778070175439	0.999855015923567	0.999575618336887	0.994492535857717	0.999496291955248	0.999732984599044	0.999685788072418	0.999320912951168	0.999840663834307	0.999727494692144	0.999812806366048	0.999866508781267	0.999811115241636	0.999621082802548	0.999829707291112	0.99983339893617
Bal_H3	0.99992667544784	0.989655583815029	0.99887537775446	0.999882632964718	0.994233773265652	0.993816905428092	0.999911904008439	0.99982590456214	0.999852333516786	0.999920661764706	0.999864546407971	0.993816905428092	0.999768965333333	0.999885065824118	0.99999229155742	0.999892197168327	0.999922863135815	0.999702709883103	0.999923356056633	0.999897136864185	0.999922385946513	0.999919637605042	0.999925392	0.999936796014683	0.99991374934452	0.999925626975764	0.9999122	0.999828007341374	0.989603083140877	0.999866539066597	0.999812292657158	0.999919596224436	0.999917343915344	0.999926798523207	0.99985536392405	1	0.999643377308707	0.999822373417722	0.999883683377309	0.999863349081365	0.999887410526316	0.999920147058824	0.999925210970464	0.999878917498686	0.99995909805978	0.99964873605948	0.994767047511312	0.999499660657476	0.999852642894599	0.999755482849604	0.999436858940745	0.999912845100106	0.999832905086523	0.999875865687303	0.999947299154334	0.999886510279389	0.999772087047719	0.999851355754073	0.999907440507668
Bal_AD011	0.999724245483528	0.989736514352666	0.998859571201694	0.999655749202976	0.993705834285714	0.993323612684032	0.999790111821086	0.999644134462679	0.99971782463929	0.999726560678325	0.999647363684489	0.993323612684032	0.999647336927224	0.999696845744681	0.999708740740741	0.999696172578084	0.999726772486772	0.999579844753748	0.999727772486772	0.999703111111111	0.999726776071996	0.999726322204558	0.999690091250671	0.999676185185185	0.9996695764955	0.999722396386823	0.999685645246946	0.999644293276866	0.989790826010545	0.999683160402329	0.999581382978723	0.999727068783069	0.999760005327651	0.999764091392136	0.999627533227007	0.999707687830688	1	0.999637095061073	0.999654726209463	0.99971176283748	0.999729431757833	0.999726820349762	0.99976500265816	0.999689347826087	0.99970226984127	0.999442874732334	0.994120873786408	0.999337065740246	0.999670328389831	0.999546530286929	0.999389126984127	0.99968549946865	0.999688671957672	0.999688136580201	0.999732902711324	0.999775515409139	0.999581672842774	0.999660710875332	0.999717517314864
Bal_PT33	0.999873541556379	0.989153692486896	0.998885870831128	0.999839920550848	0.993852097782831	0.99346032239819	0.999916301006889	0.999778004235045	0.999854842105263	0.999885856763926	0.999763917416622	0.99346032239819	0.999628327057558	0.999835700636943	0.999871477754237	0.999854544491525	0.999892297511911	0.999713265633351	0.999886071995765	0.999854348516949	0.999887617787189	0.99988424403183	0.999868457418318	0.999845513771186	0.999814102699841	0.999867316040233	0.999866797247221	0.999795907887771	0.989190238788585	0.999817173107464	0.999739973474801	0.999880884065643	0.999891765957447	0.999884340222576	0.9997970685077	0.999868882415254	0.999558351940457	1	0.999842044609665	0.999854433262712	0.999868925357332	0.999887969247084	0.999893614202438	0.999848286472148	0.999868061440678	0.999548727369542	0.994377701083856	0.999398013844515	0.999807353096877	0.999617956475584	0.999499142403388	0.999867764830508	0.999800884533898	0.999852858655373	0.999854557029178	0.999887567567568	0.999730894653256	0.999795596184419	0.999856357827476
Bal_LMG_P_17502_1	0.999888455414013	0.989319772063121	0.998837940552017	0.999855530785563	0.993915846681922	0.993494653409091	0.999913656200106	0.999741406581741	0.999876811594203	0.999863441489362	0.999762215727949	0.993494653409091	0.999777540453074	0.999915778841042	0.999885916091344	0.999833143919278	0.999868073248408	0.999690160427808	0.999865286624204	0.999837169410515	0.999863842887473	0.99986239893617	0.999901703385277	0.999871943706851	0.999812752391073	0.999888450106157	0.999887929936306	0.999757372611465	0.989263087719298	0.999782215727949	0.999777594465141	0.999863581296493	0.999924141791045	0.999866128518322	0.999941364118896	0.999882272968667	0.999607867450561	0.999828882384247	1	0.999856381053752	0.999889501061571	0.999865592769804	0.999865714285714	0.999824345744681	0.999881024416136	0.999635927311598	0.994527077363897	0.999492101333333	0.999771605528974	0.999697344332092	0.999358910733263	0.999887250530785	0.999785836431227	0.999834601910828	0.999867252396166	0.999868869426752	0.999631687898089	0.999837099521022	0.999871820117083
Bal_BS_01	0.999923860391327	0.989165217896572	0.998899804955192	0.999898019017433	0.994040618966496	0.993660033802817	0.999930380952381	0.999835687928308	0.999802092766427	0.999937712625462	0.999810933544304	0.993660033802817	0.999750669882101	0.999873703116746	0.999918723628692	0.999906977848102	0.999940938323669	0.999746105769231	0.999939351265823	0.999915569620253	0.999937369530838	0.999936154252509	0.999889657936932	0.999887716244726	0.999861102320675	0.999923860391327	0.999929402748414	0.999850231945177	0.989199528795812	0.999876503164557	0.999789059511158	0.999934182489452	0.999937068507701	0.999944606444797	0.999829137566138	0.999913560126582	0.99962250529661	0.999844037037037	0.999846925925926	1	0.99991644820296	0.99993929250264	0.999944310618067	0.999897860538827	0.999912215189874	0.999614301705757	0.994671695011338	0.999538046833422	0.999862	0.999665746822034	0.999456497890295	0.999928262017961	0.999851482067511	0.999965184599156	0.999904798728814	0.999947503966155	0.999787411702689	0.99982823902697	0.999900609756098
Bal_1813B	0.999971938559322	0.989819654768871	0.998927330508475	0.999946687864335	0.99417959382151	0.993852840973401	0.999978650371945	0.999887590042373	0.999869284916201	0.999989602122016	0.999869401165872	0.993852840973401	0.99970302688172	0.9999119543282	0.999976122881356	0.999959167991521	0.999994809322034	0.999786300268096	0.999990656779661	0.999965204027557	0.999988072033898	0.999987904509283	0.999920897367007	0.999948055113938	0.999921361950186	0.999976091101695	0.999981308262712	0.999902018008475	0.989851036299766	0.999925977742448	0.999827015400956	0.999986497085321	0.99998747469366	0.999996320254507	0.99989148856991	0.999971451271186	0.999663299573561	0.999919649867374	0.999933872340426	0.99994492845787	1	0.999991681697613	0.999997269353128	0.999950578556263	0.99997164281929	0.999642841091493	0.99438917190177	0.999573759358289	0.999916118769883	0.999772191489362	0.999510084790673	0.999982847295864	0.999920068855932	0.999942367584746	0.999956059479554	0.999997948038176	0.999788167372881	0.999881166489926	0.999961408
Bal_strain_HN019	0.999963088313062	0.989529305312317	0.998950374275171	0.999936347780127	0.994282282793867	0.993883012387388	0.999968226574908	0.999875021074816	0.999871111725664	0.999985574288725	0.999855089567966	0.993883012387388	0.99977347826087	0.999880211640212	0.999964404636459	0.999946494464945	0.999981443624868	0.999750875600641	0.99997885081708	0.999949920927781	0.999977850368809	0.999984533473906	0.999922565473009	0.999938028465999	0.999906859852476	0.999961015335801	0.999966187202538	0.99988435194942	0.989557440093513	0.999909805057956	0.999826645435244	0.999971406743941	0.999982465535525	0.999983054968287	0.99984929517753	0.999961822971549	0.999721066312997	0.999872232804233	0.999889009009009	0.999919035318925	0.999957345319937	1	0.999981959852087	0.999980906694781	0.99995997365648	0.999661514666667	0.994673893303065	0.999499542309739	0.999897966280295	0.999708656795346	0.999499172377438	0.999965893234672	0.99988956796628	0.999928044280443	0.999951619047619	0.999951109350238	0.99978935194942	0.99985969904963	0.999941512738853
Bal_1802B	0.999970063660478	0.989705635198135	0.998927207207207	0.999938568398727	0.994162942515652	0.993788009049774	0.999992444208289	0.999900233174351	0.9998084572697	0.999987765392781	0.99982776776246	0.993788009049774	0.99977634801289	0.999885493630573	0.99994030736619	0.999957311770944	0.999992458929518	0.999816919380673	0.999988812301166	0.999965949098621	0.999986777954425	0.999986151804671	0.999932934549356	0.999909612937434	0.999879236479321	0.99997525729443	0.99997473740053	0.999857980922099	0.989637644314869	0.999920440084836	0.99983199254129	0.999985694591729	0.999986469962786	0.999996489925769	0.999818720127456	0.999935633280339	0.999704578891258	0.999897315257842	0.9998666507431	0.99994750795334	0.99997475331565	0.999989840764331	1	0.999948204992034	0.999927571580064	0.999588187633262	0.994446175799087	0.999512222814499	0.999910572944297	0.999714928153273	0.999515843054083	0.999974217506631	0.999894181240064	0.999954753577106	0.999922515923567	0.999997078472959	0.999743386327504	0.999892279489904	0.999953267695583
Bal_BP026	0.999962053996824	0.989105381035486	0.998991117554033	0.999932624338624	0.993647923993194	0.993204310635903	0.999966791953415	0.999875173867229	0.999832940528634	0.999983610964681	0.999870849156118	0.993204310635903	0.999743485254692	0.999871376389624	0.999951449657354	0.999943510806537	0.999980005268704	0.999794076840982	0.99997586188719	0.999947448603058	0.999978461538462	0.999982577754349	0.999922323717949	0.999926164383562	0.999894641350211	0.999957903652726	0.999962175754367	0.999868282402529	0.989140629370629	0.999907616033755	0.999823216746158	0.999970680379747	0.999983324496288	0.999975568482284	0.999840582935877	0.999948866631524	0.999748297082228	0.999868215042373	0.99988066772655	0.999918175105485	0.999959057702488	0.999982586933614	0.999974994714588	1	0.99994791886196	0.999680762260128	0.99405552154195	0.999523796592119	0.99989450421941	0.99969964021164	0.999506814345991	0.99996217989418	0.999894206642066	0.999923951527924	0.999936283748015	0.999946337209302	0.999789246575342	0.999867684599156	0.999943798408488
Bal_SF	0.999881139240506	0.989986107888631	0.99885036201469	0.999840989994734	0.994478211243612	0.994119315375982	0.999901019007392	0.999826442812172	0.999837207756232	0.999905969521807	0.999877784776903	0.994119315375982	0.999776020353508	0.999867956819378	0.999963488982162	0.99987898687664	0.999908189926548	0.99971731629393	0.999909250131096	0.999882527530152	0.999908253801783	0.999906484498161	0.999910186269292	0.999935238594651	0.99992874015748	0.999881196626252	0.999871764086361	0.999828410283316	0.989927954808806	0.999867133858268	0.999807692713833	0.999904524934383	0.999900767195767	0.999905250395361	0.999831987348445	0.999959889821616	0.999619393779652	0.999780701846965	0.999896337209302	0.999854269957983	0.999895397577672	0.999904424592748	0.999909498680739	0.999863741460851	1	0.999621221455125	0.99471355643789	0.999494012738854	0.99985212710084	0.999769578059072	0.999419532808399	0.999871696522655	0.999829512067156	0.99983685204617	0.999941115221987	0.999876462836057	0.999736511017838	0.999862977380326	0.999894931144068
Bal_ATCC_27674	0.999620969632392	0.990064217008798	0.998840250399574	0.999578827916888	0.994453409480297	0.993748903483724	0.999659258271078	0.999561735889244	0.999734396215916	0.999604690501601	0.999664128929142	0.993748903483724	0.999517563342318	0.999665445333333	0.999682163026105	0.999577878464819	0.999612205647309	0.999532972103004	0.999609552238806	0.999586622269579	0.999623281832712	0.999603121664888	0.999718808625337	0.999679818763326	0.999685950985615	0.99961515716569	0.99961463505594	0.999579818859883	0.990002813599062	0.999613990410229	0.999555429791778	0.99960726158764	0.999616784188034	0.999616600958977	0.999635508790623	0.99967620671284	0.999366057846813	0.999585911513859	0.999661949920085	0.999610799573561	0.999595130527437	0.999607470651014	0.999615114544486	0.999580554962647	0.999664288758657	1	0.994481277330265	0.99982309207025	0.999601497069792	0.999675742521367	0.999271422482685	0.999612749067661	0.9995515823122	0.999608620138519	0.999693496801706	0.999606856686201	0.99951789557805	0.999618985042735	0.999592613575628
Bal_1528B	0.993626363118953	0.987783399186519	0.992645042637863	0.993585625711035	0.994321217197096	0.993139284922395	0.993642556947608	0.993597838452787	0.993493017857143	0.993652107061503	0.993560017064847	0.993139284922395	0.993378768074031	0.993606141149687	0.993648732234224	0.993615691519636	0.993654590443686	0.993550206422018	0.993653172256964	0.993633217737351	0.993653297328027	0.993649219817768	0.993519412780656	0.993629488345651	0.993613759954494	0.993627712009107	0.993620932878271	0.993589050056883	0.987754043048284	0.99361489192264	0.993487676537586	0.993650039817975	0.993646887871854	0.993658173022197	0.993462676537586	0.993645935190449	0.993387042334096	0.993525472665148	0.993462944191344	0.993609943084804	0.993657349260523	0.993651658119658	0.993662861205916	0.993617958950969	0.993640864127345	0.9933540755581	1	0.993225114416476	0.993601269208879	0.993446875712657	0.993207343572241	0.993620682593857	0.993584900511654	0.993577310972143	0.993642305065453	0.993673323847467	0.993531678043231	0.993570295790671	0.993634722698685
Bal_ATCC_27536	0.999483624268228	0.989127348837209	0.998763640234167	0.999448877062267	0.994185025611838	0.993322234223991	0.999548388473853	0.999422611702128	0.999651906614786	0.999474445628998	0.99951029787234	0.993322234223991	0.999375290635092	0.999540564730954	0.999557477381586	0.999444414270501	0.999481021820117	0.999393374331551	0.999476048988286	0.999450250133049	0.999482059606173	0.99947312	0.999563632938644	0.999533512506653	0.999559292553191	0.999480494944119	0.999479973390101	0.999445758382118	0.989050842533411	0.999476085106383	0.999444434364995	0.999472957446808	0.999475917822839	0.999480617349654	0.999519483767962	0.999553826503459	0.999196515232496	0.99944618336887	0.999515077168707	0.999470543420352	0.999456546035125	0.999476535181237	0.999481016498137	0.999444696162047	0.999541974454497	0.999830457446808	0.994263312320917	1	0.999464132978724	0.999553778014941	0.999124484042553	0.999479701810436	0.999414976051091	0.99947737094199	0.999607496004262	0.999481633847791	0.999344135178286	0.99949212379936	0.999449515183804
Bal_DSM_10140	0.999971061806656	0.989750565268065	0.99900803580832	0.999940184891706	0.993733807365439	0.993394088863892	0.999968848388801	0.999923147368421	0.999768851648352	0.999961776489194	0.999849589689637	0.993394088863892	0.999708411764706	0.999827250132205	0.999889763157895	0.99993262631579	0.999968036842105	0.999718072417465	0.999963894736842	0.999937589473684	0.999962384210526	0.999961776489194	0.999931842948718	0.999861389473684	0.999898074697528	0.999972091917591	0.999971574220814	0.999898905263158	0.98974814793244	0.999964950026302	0.999814107993648	0.999959789584429	0.999964091149974	0.999959910195457	0.999738588048652	0.999886152631579	0.999742437863564	0.999880623678647	0.99976592376919	0.999905176408636	0.999955520338088	0.999964354243542	0.999969344955098	0.999957849235635	0.999885278947368	0.999657708665603	0.994261949971575	0.999505154091392	1	0.999610010570824	0.999554271436086	0.999970966719493	0.999903573684211	0.999930268421053	0.999871998942358	0.999935314315901	0.999799294736842	0.999869641350211	0.999957559681697
Bal_MB_2409	0.99814929726997	0.987369893497758	0.997301651515152	0.998114418604651	0.992809660087719	0.992174924078091	0.998193613360324	0.998058893380495	0.998074575645756	0.998159660931174	0.998083011622031	0.992174924078091	0.997980143295803	0.998169590080972	0.998190343607883	0.998132910560889	0.998168090909091	0.997992432294328	0.998163863636364	0.998134166666667	0.998162888888889	0.998161189271255	0.998122975460123	0.998156488125316	0.998131995957554	0.998148306370071	0.998147810920121	0.998062525252525	0.987361025784753	0.998092041435068	0.998030065789474	0.998157069226882	0.998171776649746	0.998154398382204	0.998149883485309	0.998185886811521	0.997946900406504	0.998073372093023	0.998166514690983	0.998105948406677	0.998145040444894	0.998163606474456	0.998167639029323	0.998125475708502	0.998194962102072	0.998120132720776	0.992893648796499	0.998030827374872	0.998080839231547	1	0.997819074823054	0.998147072800809	0.998084492167762	0.998136186868687	0.998184113475177	0.998172795753286	0.998018656565657	0.998101593323217	0.998133216641299
Bal_CNCM_I_2494	0.999543563885955	0.989354915746659	0.999233849789916	0.999495448785639	0.9940460625	0.993592930258717	0.9996500847009	0.999506710457173	0.999678859504132	0.999510262881178	0.999422564372044	0.993592930258717	0.999379016657711	0.99941510817942	0.999437338582677	0.99948387605042	0.999514860892388	0.999448494680851	0.99951431496063	0.999488624671916	0.999517657563025	0.999511903259727	0.999600085333333	0.999408551181102	0.999445638465581	0.999548563127311	0.999525295670538	0.999454676826064	0.989345496804184	0.99951746190226	0.99948883254094	0.999510351706037	0.999579269454738	0.999571300211416	0.99941778012685	0.999434251968504	0.999418141499472	0.999514152139461	0.999446580338266	0.99949301946344	0.999522555438226	0.999506934805468	0.99958565539112	0.999502576235542	0.999429837270341	0.99934894261424	0.994655651678998	0.999180430393199	0.999508476090384	0.999320380348653	1	0.999536631467793	0.999499601049869	0.999485822385707	0.99946720338983	0.999527374537771	0.999355591171834	0.999465386638611	0.999508669846317
Bal_1811B	0.999870868644068	0.989651554646406	0.998921302966102	0.999859200635257	0.993671010789324	0.993265341229555	0.999871844197138	0.999780899947062	0.999735715865119	0.99986605514316	0.999782070974576	0.993265341229555	0.999639046087889	0.999774981432361	0.99984466913711	0.99985654131356	0.999870937003706	0.999654296375267	0.999867235169492	0.999841414194915	0.99986471148756	0.999865015906681	0.999830620985011	0.99981664372684	0.999805963983051	0.999875021186441	0.999874502118644	0.99978248279513	0.989698432748538	0.999818691737288	0.999716155071694	0.999863082627119	0.999863996806812	0.99987281779661	0.999795991493886	0.99984	0.999643744	0.999776776246024	0.999819378320935	0.999805789194915	0.999854247881356	0.999868133616119	0.99987282159873	0.999862848806366	0.999832547669492	0.99953657782516	0.993933767785999	0.999448518123667	0.999808882415254	0.999591307120085	0.999445354872881	1	0.999786897829539	0.999835129698253	0.999827874933757	0.999841186440678	0.999710116463737	0.999789447983015	0.999835811601916
Bal_BLC1	0.999919920927781	0.989857578397213	0.999012614173228	0.999858936282254	0.994261827956989	0.993867633202468	0.999904923563521	0.999798725078699	0.999835011013216	0.999896962690489	0.99978407135362	0.993867633202468	0.999736707642972	0.999811540084388	0.99988518363064	0.999864790136411	0.999898546694648	0.999667574468085	0.999895456453305	0.999868141732283	0.999900010498688	0.999896873357856	0.999848865210442	0.999856299212598	0.999834055613851	0.99991954665261	0.999889194312796	0.999810619097587	0.989881808139535	0.999838095487933	0.999738959323825	0.99989018363064	0.999909015873016	0.999911995787256	0.999777686212361	0.999881584470094	0.999672670184697	0.999794199157008	0.999814088748019	0.999833044619423	0.999877540810953	0.999896889122438	0.999918835002636	0.99989467402734	0.999878709338929	0.999596735778841	0.9948051898017	0.999429214437367	0.99982573976915	0.999615597682991	0.999476516264428	0.999888909952607	1	0.999847653543307	0.999886960422164	0.99988861814346	0.999728195173138	0.999771666666667	0.99987004235045
Bal_strain_BS_01	0.997047035306334	0.985874874857793	0.996060984455959	0.997017727036845	0.990823268047006	0.990468313921243	0.997059328474753	0.996965709844559	0.996763030961434	0.997060514018691	0.996922193983402	0.990468313921243	0.996765667546174	0.99710406867846	0.997032011404873	0.997037843442198	0.997073207253886	0.99681799894958	0.997068641783308	0.997039797927461	0.997068658031088	0.997061022845275	0.99702912289916	0.997005883877657	0.996973563278008	0.997046017653167	0.997045508826584	0.996937533678756	0.98564644115975	0.996998158713693	0.996906197916667	0.997061530082988	0.997051676210307	0.997059511434511	0.997089958419958	0.997028755832037	0.996724311064718	0.996969755335763	0.997163217255717	0.997073925233645	0.997046085150571	0.997064582252206	0.997063397402597	0.997023364485981	0.997027283566615	0.996673124346917	0.99148922905028	0.996611080939948	0.996986011410788	0.996805850234009	0.996576524896266	0.997046007268951	0.996988377397616	1	0.997002098958333	0.997066285714286	0.996845715025907	0.996964734375	0.997015653986451
Bal_DS24_2	0.999817262156448	0.989461464264962	0.998685359028511	0.999785322410148	0.993723073005094	0.993377972972973	0.9998398305982	0.9997280781415	0.999893998893805	0.999830037037037	0.999796599788807	0.993377972972973	0.999688384861407	0.999799544491525	0.999851040126716	0.999801092925026	0.999839303430079	0.999653718700054	0.999832465681098	0.999807117212249	0.9998367176781	0.999831566137566	0.99986316550616	0.999881203801478	0.999788548046462	0.999814651162791	0.999814133192389	0.999725480464625	0.989478832074376	0.99976439281943	0.999690620689655	0.999826116094987	0.999831607427056	0.999836344426836	0.999646484912652	0.99984742344245	0.999543425385024	0.999736920634921	0.99977307570143	0.999790438457475	0.999790787526427	0.999830883130619	0.999836442917548	0.999795830687831	0.999843468848997	0.999604646464647	0.994462200113701	0.999530510366826	0.999753449550977	0.999599766578249	0.999294015831135	0.999814029613961	0.999735036958817	0.999800063357972	1	0.999838488372093	0.999653980992608	0.999747894179894	0.999794371352785
Bal_1869B	0.999934766702015	0.989251294460641	0.998924984093319	0.999941415694592	0.994050621082621	0.993659383135257	0.999996353503185	0.999852602013779	0.999864733924612	0.999958280254777	0.999823016967126	0.993659383135257	0.999869318181818	0.999866712692512	0.999909136195018	0.999927895015907	0.999963571807101	0.999821152	0.999959417064123	0.999936004239533	0.99996097509274	0.999957744161359	0.999912153186931	0.999906914103924	0.99984750795334	0.999977126193001	0.999976606574761	0.999826560678325	0.989222870478413	0.999890482502651	0.999834986723314	0.999955710498409	0.999990037293554	0.999998927813163	0.999804343434343	0.99990498145204	0.999731721748401	0.999898497876858	0.999854558979809	0.999950026553372	0.999978467656416	0.999960398089172	0.999998435013263	0.999920414012739	0.999903059384942	0.999596430096051	0.994634389269406	0.999526679104478	0.999880143160127	0.999718890658174	0.999460005302227	0.999938371352785	0.999874992050874	0.999927207207207	0.999949505582137	1	0.999731971383148	0.999861464190981	0.999958989361702
Bal_KLDS2.0603	0.999738757240653	0.989646022067364	0.998725969601677	0.9997069	0.993934162436548	0.993496371780515	0.999737832278481	0.999636280775275	0.999600236133992	0.999713988439306	0.999616671907757	0.993496371780515	0.999477707889126	0.999676895097522	0.999662053431116	0.999645188679245	0.999680602409638	0.999530249469214	0.999676829140461	0.999650282870613	0.999674355345912	0.999716027325276	0.999757887174029	0.999638407543216	0.999668055555555	0.999736176935229	0.999735660874144	0.999638124672604	0.989613658536585	0.999675314465409	0.999663393139842	0.999672232704402	0.999789334038055	0.999668859095689	0.999612056962025	0.999658465165008	0.999376782700422	0.999650685654009	0.999636273062731	0.999618562434418	0.999716040021064	0.999717572254335	0.999685881115202	0.9997123962165	0.999657977998952	0.999446634920635	0.994266619559073	0.999301248677249	0.999658364779874	0.999450121052631	0.999278658280922	0.999735260663507	0.999594950235725	0.999654866282118	0.999655355450237	0.999689215789474	1	0.999642036745407	0.999697443211833
Bal_646	0.999867837123215	0.990438899297424	0.998891556728232	0.999877292437864	0.994232802728823	0.993829886941775	0.999868427739545	0.999776474934037	0.999789275442478	0.999877163232964	0.999756976253298	0.993829886941775	0.999691502145923	0.999786353503185	0.999868686708861	0.999892253298153	0.999888465189874	0.999773331553657	0.999883676160338	0.999852089709763	0.999881012658228	0.999876127839408	0.99983709470305	0.999842320675106	0.99980762005277	0.999864019037546	0.999864516129032	0.999798295514512	0.990430807962529	0.999810817941952	0.999736564156946	0.999874641350211	0.999893038379531	0.999885211640212	0.999612301967039	0.999865068565401	0.999597123142251	0.999775174603175	0.999655422647528	0.999835596620908	0.99985510840825	0.999877321711569	0.999887259259259	0.999836553911205	0.999865730870713	0.999541569674319	0.99474233884769	0.999387634523175	0.99980146701847	0.999609100529101	0.999450021097046	0.99986673015873	0.999791007383966	0.999835783641161	0.999858215987295	0.999855291005291	0.999754812664908	1	0.999855037273696
Bal_MN_Gup	0.999907300158814	0.989650110722611	0.998855738485971	0.999873774483854	0.993660731292517	0.993258261851016	0.999937917329094	0.999877375661375	0.999752879291251	0.999932168610816	0.999803033350979	0.993258261851016	0.9996020471597	0.999817613997879	0.999872265749074	0.999900831127581	0.999938015873016	0.99976730994152	0.999932312169312	0.999903059820011	0.999933878306878	0.999930949098622	0.999850840471092	0.99985053968254	0.99982664372684	0.999903149814717	0.999902631021705	0.999816746031746	0.989455325960419	0.99987883006882	0.999779066312998	0.999928480677607	0.999940557324841	0.999929093799682	0.999796352067868	0.999869671784013	0.999660335284726	0.999821696712619	0.999822109167991	0.999885997882478	0.999907760719958	0.999934281928988	0.999934110169492	0.999894795972443	0.999868920634921	0.999580786815523	0.994362819783968	0.999421891604676	0.999867570142933	0.999727649867374	0.999422170460561	0.999903617584745	0.999874827951297	0.999879433862434	0.999855347480106	0.999934965590259	0.999716835978836	0.999835336870027	1
